fuel_type_code,station_name,street_address,intersection_directions,city,state,zip,plus4,station_phone,status_code,expected_date,groups_with_access_code,access_days_time,cards_accepted,bd_blends,ng_fill_type_code,ng_psi,ev_level1_evse_num,ev_level2_evse_num,ev_dc_fast_count,ev_other_info,ev_network,ev_network_web,geocode_status,latitude,longitude,date_last_confirmed,id,updated_at,owner_type_code,federal_agency_id,federal_agency_name,open_date,hydrogen_status_link,ng_vehicle_class,lpg_primary,e85_blender_pump,ev_connector_types,country,intersection_directions_french,access_days_time_french,bd_blends_french,groups_with_access_code_french,hydrogen_is_retail,access_code,access_detail_code,federal_agency_code,facility_type,cng_dispenser_num,cng_on_site_renewable_source,cng_total_compression_capacity,cng_storage_capacity,lng_on_site_renewable_source,e85_other_ethanol_blends,ev_pricing,ev_pricing_french,lpg_nozzle_types,hydrogen_pressures,hydrogen_standards,cng_fill_type_code,cng_psi,cng_vehicle_class,lng_vehicle_class,ev_on_site_renewable_source,restricted_access,rd_blends,rd_blends_french,rd_blended_with_biodiesel,rd_maximum_biodiesel_level,nps_unit_name,cng_station_sells_renewable_natural_gas,lng_station_sells_renewable_natural_gas,maximum_vehicle_class,ev_workplace_charging,funding_sources,ev_j1772_connector_count,ev_j1772_power_output_kw,ev_ccs_connector_count,ev_ccs_power_output_kw,ev_chademo_connector_count,ev_chademo_power_output_kw,ev_j3400_connector_count,ev_j3400_power_output_kw,ev_j3271_connector_count,ev_j3271_power_output_kw,snapshot_date
ELEC,Sample Station 1,123 Sample Street,Directions hidden for privacy,Sun Valley,CA,00000,0000,555-0100,E,,Private,For fleet use only,,,,,,57.0,2.0,,SHELL_RECHARGE,https://www.shell.us/motorist/electric-vehicle-charging.html,GPS,34.24868055650023,-118.38796563220045,2025-11-13,1517,2026-08-07 18:57:47 UTC,LG,999,Confidential Government Agency,1999-10-15,,,,,CHADEMO J1772 J1772COMBO,US,Directions masquees,,,Privé,,RESTRICTED,,GOV-999,UTILITY,,,,,,,REDACTED_PRICING,PRIX_REDACTE,,,,,,,,,,,,,,,,,MD,True,,0,,1,70.0,1,70.0,0,,0,,2026-09-06
ELEC,Sample Station 2,123 Sample Street,Directions hidden for privacy,Sun Valley,CA,00000,0000,555-0100,E,,Private,For fleet use only,,,,,,57.0,2.0,,SHELL_RECHARGE,https://www.shell.us/motorist/electric-vehicle-charging.html,GPS,34.24794487513538,-118.38765144133973,2025-11-13,1517,2026-08-07 18:57:47 UTC,LG,999,Confidential Government Agency,1999-10-15,,,,,CHADEMO J1772 J1772COMBO,US,Directions masquees,,,Privé,,RESTRICTED,,GOV-999,UTILITY,,,,,,,REDACTED_PRICING,PRIX_REDACTE,,,,,,,,,,,,,,,,,MD,True,,1,,0,,0,,0,,0,,2026-09-06
ELEC,Sample Station 3,123 Sample Street,Directions hidden for privacy,Sun Valley,CA,00000,0000,555-0100,E,,Private,For fleet use only,,,,,,57.0,2.0,,SHELL_RECHARGE,https://www.shell.us/motorist/electric-vehicle-charging.html,GPS,34.247621671394846,-118.38853129465303,2025-11-13,1517,2026-08-07 18:57:47 UTC,LG,999,Confidential Government Agency,1999-10-15,,,,,CHADEMO J1772 J1772COMBO,US,Directions masquees,,,Privé,,RESTRICTED,,GOV-999,UTILITY,,,,,,,REDACTED_PRICING,PRIX_REDACTE,,,,,,,,,,,,,,,,,MD,True,,1,,0,,0,,0,,0,,2026-09-06
ELEC,Sample Station 4,123 Sample Street,Directions hidden for privacy,Sun Valley,CA,00000,0000,555-0100,E,,Private,For fleet use only,,,,,,57.0,2.0,,SHELL_RECHARGE,https://www.shell.us/motorist/electric-vehicle-charging.html,GPS,34.24783913208203,-118.38723022851613,2025-11-13,1517,2026-08-07 18:57:47 UTC,LG,999,Confidential Government Agency,1999-10-15,,,,,CHADEMO J1772 J1772COMBO,US,Directions masquees,,,Privé,,RESTRICTED,,GOV-999,UTILITY,,,,,,,REDACTED_PRICING,PRIX_REDACTE,,,,,,,,,,,,,,,,,MD,True,,1,,0,,0,,0,,0,,2026-09-06
ELEC,Sample Station 5,123 Sample Street,Directions hidden for privacy,Sun Valley,CA,00000,0000,555-0100,E,,Private,For fleet use only,,,,,,57.0,2.0,,SHELL_RECHARGE,https://www.shell.us/motorist/electric-vehicle-charging.html,GPS,34.24867649582295,-118.38743965488909,2025-11-13,1517,2026-08-07 18:57:47 UTC,LG,999,Confidential Government Agency,1999-10-15,,,,,CHADEMO J1772 J1772COMBO,US,Directions masquees,,,Privé,,RESTRICTED,,GOV-999,UTILITY,,,,,,,REDACTED_PRICING,PRIX_REDACTE,,,,,,,,,,,,,,,,,MD,True,,1,,0,,0,,0,,0,,2026-09-06
ELEC,Sample Station 6,123 Sample Street,Directions hidden for privacy,Sun Valley,CA,00000,0000,555-0100,E,,Private,For fleet use only,,,,,,57.0,2.0,,SHELL_RECHARGE,https://www.shell.us/motorist/electric-vehicle-charging.html,GPS,34.2491442553518,-118.3873358086686,2025-11-13,1517,2026-08-07 18:57:47 UTC,LG,999,Confidential Government Agency,1999-10-15,,,,,CHADEMO J1772 J1772COMBO,US,Directions masquees,,,Privé,,RESTRICTED,,GOV-999,UTILITY,,,,,,,REDACTED_PRICING,PRIX_REDACTE,,,,,,,,,,,,,,,,,MD,True,,1,,0,,0,,0,,0,,2026-09-06
ELEC,Sample Station 7,123 Sample Street,Directions hidden for privacy,Sun Valley,CA,00000,0000,555-0100,E,,Private,For fleet use only,,,,,,57.0,2.0,,SHELL_RECHARGE,https://www.shell.us/motorist/electric-vehicle-charging.html,GPS,34.248231073736285,-118.38878451800805,2025-11-13,1517,2026-08-07 18:57:47 UTC,LG,999,Confidential Government Agency,1999-10-15,,,,,CHADEMO J1772 J1772COMBO,US,Directions masquees,,,Privé,,RESTRICTED,,GOV-999,UTILITY,,,,,,,REDACTED_PRICING,PRIX_REDACTE,,,,,,,,,,,,,,,,,MD,True,,1,,0,,0,,0,,0,,2026-09-06
ELEC,Sample Station 8,123 Sample Street,Directions hidden for privacy,Sun Valley,CA,00000,0000,555-0100,E,,Private,For fleet use only,,,,,,57.0,2.0,,SHELL_RECHARGE,https://www.shell.us/motorist/electric-vehicle-charging.html,GPS,34.24877959289211,-118.38788263062094,2025-11-13,1517,2026-08-07 18:57:47 UTC,LG,999,Confidential Government Agency,1999-10-15,,,,,CHADEMO J1772 J1772COMBO,US,Directions masquees,,,Privé,,RESTRICTED,,GOV-999,UTILITY,,,,,,,REDACTED_PRICING,PRIX_REDACTE,,,,,,,,,,,,,,,,,MD,True,,1,,0,,0,,0,,0,,2026-09-06
ELEC,Sample Station 9,123 Sample Street,Directions hidden for privacy,Sun Valley,CA,00000,0000,555-0100,E,,Private,For fleet use only,,,,,,57.0,2.0,,SHELL_RECHARGE,https://www.shell.us/motorist/electric-vehicle-charging.html,GPS,34.249200872862716,-118.38830944635333,2025-11-13,1517,2026-08-07 18:57:47 UTC,LG,999,Confidential Government Agency,1999-10-15,,,,,CHADEMO J1772 J1772COMBO,US,Directions masquees,,,Privé,,RESTRICTED,,GOV-999,UTILITY,,,,,,,REDACTED_PRICING,PRIX_REDACTE,,,,,,,,,,,,,,,,,MD,True,,1,,0,,0,,0,,0,,2026-09-06
ELEC,Sample Station 10,123 Sample Street,Directions hidden for privacy,Sun Valley,CA,00000,0000,555-0100,E,,Private,For fleet use only,,,,,,57.0,2.0,,SHELL_RECHARGE,https://www.shell.us/motorist/electric-vehicle-charging.html,GPS,34.248827707218254,-118.38804119986608,2025-11-13,1517,2026-08-07 18:57:47 UTC,LG,999,Confidential Government Agency,1999-10-15,,,,,CHADEMO J1772 J1772COMBO,US,Directions masquees,,,Privé,,RESTRICTED,,GOV-999,UTILITY,,,,,,,REDACTED_PRICING,PRIX_REDACTE,,,,,,,,,,,,,,,,,MD,True,,1,,0,,0,,0,,0,,2026-09-06
ELEC,Sample Station 11,123 Sample Street,Directions hidden for privacy,Sun Valley,CA,00000,0000,555-0100,E,,Private,For fleet use only,,,,,,57.0,2.0,,SHELL_RECHARGE,https://www.shell.us/motorist/electric-vehicle-charging.html,GPS,34.24873272201246,-118.38712726677689,2025-11-13,1517,2026-08-07 18:57:47 UTC,LG,999,Confidential Government Agency,1999-10-15,,,,,CHADEMO J1772 J1772COMBO,US,Directions masquees,,,Privé,,RESTRICTED,,GOV-999,UTILITY,,,,,,,REDACTED_PRICING,PRIX_REDACTE,,,,,,,,,,,,,,,,,MD,True,,1,,0,,0,,0,,0,,2026-09-06
ELEC,Sample Station 12,123 Sample Street,Directions hidden for privacy,Sun Valley,CA,00000,0000,555-0100,E,,Private,For fleet use only,,,,,,57.0,2.0,,SHELL_RECHARGE,https://www.shell.us/motorist/electric-vehicle-charging.html,GPS,34.24806332614555,-118.38778769100249,2025-11-13,1517,2026-08-07 18:57:47 UTC,LG,999,Confidential Government Agency,1999-10-15,,,,,CHADEMO J1772 J1772COMBO,US,Directions masquees,,,Privé,,RESTRICTED,,GOV-999,UTILITY,,,,,,,REDACTED_PRICING,PRIX_REDACTE,,,,,,,,,,,,,,,,,MD,True,,1,,0,,0,,0,,0,,2026-09-06
ELEC,Sample Station 13,123 Sample Street,Directions hidden for privacy,Sun Valley,CA,00000,0000,555-0100,E,,Private,For fleet use only,,,,,,57.0,2.0,,SHELL_RECHARGE,https://www.shell.us/motorist/electric-vehicle-charging.html,GPS,34.2476382330785,-118.38769107730117,2025-11-13,1517,2026-08-07 18:57:47 UTC,LG,999,Confidential Government Agency,1999-10-15,,,,,CHADEMO J1772 J1772COMBO,US,Directions masquees,,,Privé,,RESTRICTED,,GOV-999,UTILITY,,,,,,,REDACTED_PRICING,PRIX_REDACTE,,,,,,,,,,,,,,,,,MD,True,,1,,0,,0,,0,,0,,2026-09-06
ELEC,Sample Station 14,123 Sample Street,Directions hidden for privacy,Sun Valley,CA,00000,0000,555-0100,E,,Private,For fleet use only,,,,,,57.0,2.0,,SHELL_RECHARGE,https://www.shell.us/motorist/electric-vehicle-charging.html,GPS,34.24893246108007,-118.387145288342,2025-11-13,1517,2026-08-07 18:57:47 UTC,LG,999,Confidential Government Agency,1999-10-15,,,,,CHADEMO J1772 J1772COMBO,US,Directions masquees,,,Privé,,RESTRICTED,,GOV-999,UTILITY,,,,,,,REDACTED_PRICING,PRIX_REDACTE,,,,,,,,,,,,,,,,,MD,True,,1,,0,,0,,0,,0,,2026-09-06
ELEC,Sample Station 15,123 Sample Street,Directions hidden for privacy,Sun Valley,CA,00000,0000,555-0100,E,,Private,For fleet use only,,,,,,57.0,2.0,,SHELL_RECHARGE,https://www.shell.us/motorist/electric-vehicle-charging.html,GPS,34.24768990397082,-118.38886955634456,2025-11-13,1517,2026-08-07 18:57:47 UTC,LG,999,Confidential Government Agency,1999-10-15,,,,,CHADEMO J1772 J1772COMBO,US,Directions masquees,,,Privé,,RESTRICTED,,GOV-999,UTILITY,,,,,,,REDACTED_PRICING,PRIX_REDACTE,,,,,,,,,,,,,,,,,MD,True,,1,,0,,0,,0,,0,,2026-09-06
ELEC,Sample Station 16,123 Sample Street,Directions hidden for privacy,Sun Valley,CA,00000,0000,555-0100,E,,Private,For fleet use only,,,,,,57.0,2.0,,SHELL_RECHARGE,https://www.shell.us/motorist/electric-vehicle-charging.html,GPS,34.24735351207757,-118.3878317142651,2025-11-13,1517,2026-08-07 18:57:47 UTC,LG,999,Confidential Government Agency,1999-10-15,,,,,CHADEMO J1772 J1772COMBO,US,Directions masquees,,,Privé,,RESTRICTED,,GOV-999,UTILITY,,,,,,,REDACTED_PRICING,PRIX_REDACTE,,,,,,,,,,,,,,,,,MD,True,,1,,0,,0,,0,,0,,2026-09-06
ELEC,Sample Station 17,123 Sample Street,Directions hidden for privacy,Sun Valley,CA,00000,0000,555-0100,E,,Private,For fleet use only,,,,,,57.0,2.0,,SHELL_RECHARGE,https://www.shell.us/motorist/electric-vehicle-charging.html,GPS,34.248203961500224,-118.3888589776659,2025-11-13,1517,2026-08-07 18:57:47 UTC,LG,999,Confidential Government Agency,1999-10-15,,,,,CHADEMO J1772 J1772COMBO,US,Directions masquees,,,Privé,,RESTRICTED,,GOV-999,UTILITY,,,,,,,REDACTED_PRICING,PRIX_REDACTE,,,,,,,,,,,,,,,,,MD,True,,1,,0,,0,,0,,0,,2026-09-06
ELEC,Sample Station 18,123 Sample Street,Directions hidden for privacy,Sun Valley,CA,00000,0000,555-0100,E,,Private,For fleet use only,,,,,,57.0,2.0,,SHELL_RECHARGE,https://www.shell.us/motorist/electric-vehicle-charging.html,GPS,34.24912050274043,-118.38738184359363,2025-11-13,1517,2026-08-07 18:57:47 UTC,LG,999,Confidential Government Agency,1999-10-15,,,,,CHADEMO J1772 J1772COMBO,US,Directions masquees,,,Privé,,RESTRICTED,,GOV-999,UTILITY,,,,,,,REDACTED_PRICING,PRIX_REDACTE,,,,,,,,,,,,,,,,,MD,True,,1,,0,,0,,0,,0,,2026-09-06
ELEC,Sample Station 19,123 Sample Street,Directions hidden for privacy,Sun Valley,CA,00000,0000,555-0100,E,,Private,For fleet use only,,,,,,57.0,2.0,,SHELL_RECHARGE,https://www.shell.us/motorist/electric-vehicle-charging.html,GPS,34.24776741887122,-118.38886471452791,2025-11-13,1517,2026-08-07 18:57:47 UTC,LG,999,Confidential Government Agency,1999-10-15,,,,,CHADEMO J1772 J1772COMBO,US,Directions masquees,,,Privé,,RESTRICTED,,GOV-999,UTILITY,,,,,,,REDACTED_PRICING,PRIX_REDACTE,,,,,,,,,,,,,,,,,MD,True,,1,,0,,0,,0,,0,,2026-09-06
ELEC,Sample Station 20,123 Sample Street,Directions hidden for privacy,Sun Valley,CA,00000,0000,555-0100,E,,Private,For fleet use only,,,,,,57.0,2.0,,SHELL_RECHARGE,https://www.shell.us/motorist/electric-vehicle-charging.html,GPS,34.24924792848652,-118.38708651021366,2025-11-13,1517,2026-08-07 18:57:47 UTC,LG,999,Confidential Government Agency,1999-10-15,,,,,CHADEMO J1772 J1772COMBO,US,Directions masquees,,,Privé,,RESTRICTED,,GOV-999,UTILITY,,,,,,,REDACTED_PRICING,PRIX_REDACTE,,,,,,,,,,,,,,,,,MD,True,,1,,0,,0,,0,,0,,2026-09-06
ELEC,Sample Station 21,123 Sample Street,Directions hidden for privacy,Sun Valley,CA,00000,0000,555-0100,E,,Private,For fleet use only,,,,,,57.0,2.0,,SHELL_RECHARGE,https://www.shell.us/motorist/electric-vehicle-charging.html,GPS,34.24897053861403,-118.38717783351926,2025-11-13,1517,2026-08-07 18:57:47 UTC,LG,999,Confidential Government Agency,1999-10-15,,,,,CHADEMO J1772 J1772COMBO,US,Directions masquees,,,Privé,,RESTRICTED,,GOV-999,UTILITY,,,,,,,REDACTED_PRICING,PRIX_REDACTE,,,,,,,,,,,,,,,,,MD,True,,1,,0,,0,,0,,0,,2026-09-06
ELEC,Sample Station 22,123 Sample Street,Directions hidden for privacy,Sun Valley,CA,00000,0000,555-0100,E,,Private,For fleet use only,,,,,,57.0,2.0,,SHELL_RECHARGE,https://www.shell.us/motorist/electric-vehicle-charging.html,GPS,34.248662540720474,-118.38814966956153,2025-11-13,1517,2026-08-07 18:57:47 UTC,LG,999,Confidential Government Agency,1999-10-15,,,,,CHADEMO J1772 J1772COMBO,US,Directions masquees,,,Privé,,RESTRICTED,,GOV-999,UTILITY,,,,,,,REDACTED_PRICING,PRIX_REDACTE,,,,,,,,,,,,,,,,,MD,True,,1,,0,,0,,0,,0,,2026-09-06
ELEC,Sample Station 23,123 Sample Street,Directions hidden for privacy,Sun Valley,CA,00000,0000,555-0100,E,,Private,For fleet use only,,,,,,57.0,2.0,,SHELL_RECHARGE,https://www.shell.us/motorist/electric-vehicle-charging.html,GPS,34.249270714744576,-118.38761560295006,2025-11-13,1517,2026-08-07 18:57:47 UTC,LG,999,Confidential Government Agency,1999-10-15,,,,,CHADEMO J1772 J1772COMBO,US,Directions masquees,,,Privé,,RESTRICTED,,GOV-999,UTILITY,,,,,,,REDACTED_PRICING,PRIX_REDACTE,,,,,,,,,,,,,,,,,MD,True,,1,,0,,0,,0,,0,,2026-09-06
ELEC,Sample Station 24,123 Sample Street,Directions hidden for privacy,Sun Valley,CA,00000,0000,555-0100,E,,Private,For fleet use only,,,,,,57.0,2.0,,SHELL_RECHARGE,https://www.shell.us/motorist/electric-vehicle-charging.html,GPS,34.24858195217509,-118.38727485514585,2025-11-13,1517,2026-08-07 18:57:47 UTC,LG,999,Confidential Government Agency,1999-10-15,,,,,CHADEMO J1772 J1772COMBO,US,Directions masquees,,,Privé,,RESTRICTED,,GOV-999,UTILITY,,,,,,,REDACTED_PRICING,PRIX_REDACTE,,,,,,,,,,,,,,,,,MD,True,,1,,0,,0,,0,,0,,2026-09-06
ELEC,Sample Station 25,123 Sample Street,Directions hidden for privacy,Sun Valley,CA,00000,0000,555-0100,E,,Private,For fleet use only,,,,,,57.0,2.0,,SHELL_RECHARGE,https://www.shell.us/motorist/electric-vehicle-charging.html,GPS,34.24853344747808,-118.38821794316624,2025-11-13,1517,2026-08-07 18:57:47 UTC,LG,999,Confidential Government Agency,1999-10-15,,,,,CHADEMO J1772 J1772COMBO,US,Directions masquees,,,Privé,,RESTRICTED,,GOV-999,UTILITY,,,,,,,REDACTED_PRICING,PRIX_REDACTE,,,,,,,,,,,,,,,,,MD,True,,1,,0,,0,,0,,0,,2026-09-06
ELEC,Sample Station 26,123 Sample Street,Directions hidden for privacy,Sun Valley,CA,00000,0000,555-0100,E,,Private,For fleet use only,,,,,,57.0,2.0,,SHELL_RECHARGE,https://www.shell.us/motorist/electric-vehicle-charging.html,GPS,34.24754627926482,-118.38706782307456,2025-11-13,1517,2026-08-07 18:57:47 UTC,LG,999,Confidential Government Agency,1999-10-15,,,,,CHADEMO J1772 J1772COMBO,US,Directions masquees,,,Privé,,RESTRICTED,,GOV-999,UTILITY,,,,,,,REDACTED_PRICING,PRIX_REDACTE,,,,,,,,,,,,,,,,,MD,True,,1,,0,,0,,0,,0,,2026-09-06
ELEC,Sample Station 27,123 Sample Street,Directions hidden for privacy,Sun Valley,CA,00000,0000,555-0100,E,,Private,For fleet use only,,,,,,57.0,2.0,,SHELL_RECHARGE,https://www.shell.us/motorist/electric-vehicle-charging.html,GPS,34.24847055337849,-118.38791007628681,2025-11-13,1517,2026-08-07 18:57:47 UTC,LG,999,Confidential Government Agency,1999-10-15,,,,,CHADEMO J1772 J1772COMBO,US,Directions masquees,,,Privé,,RESTRICTED,,GOV-999,UTILITY,,,,,,,REDACTED_PRICING,PRIX_REDACTE,,,,,,,,,,,,,,,,,MD,True,,1,,0,,0,,0,,0,,2026-09-06
ELEC,Sample Station 28,123 Sample Street,Directions hidden for privacy,Sun Valley,CA,00000,0000,555-0100,E,,Private,For fleet use only,,,,,,57.0,2.0,,SHELL_RECHARGE,https://www.shell.us/motorist/electric-vehicle-charging.html,GPS,34.24795941653398,-118.38864820933978,2025-11-13,1517,2026-08-07 18:57:47 UTC,LG,999,Confidential Government Agency,1999-10-15,,,,,CHADEMO J1772 J1772COMBO,US,Directions masquees,,,Privé,,RESTRICTED,,GOV-999,UTILITY,,,,,,,REDACTED_PRICING,PRIX_REDACTE,,,,,,,,,,,,,,,,,MD,True,,1,,0,,0,,0,,0,,2026-09-06
ELEC,Sample Station 29,123 Sample Street,Directions hidden for privacy,Sun Valley,CA,00000,0000,555-0100,E,,Private,For fleet use only,,,,,,57.0,2.0,,SHELL_RECHARGE,https://www.shell.us/motorist/electric-vehicle-charging.html,GPS,34.24788971792103,-118.38707386482254,2025-11-13,1517,2026-08-07 18:57:47 UTC,LG,999,Confidential Government Agency,1999-10-15,,,,,CHADEMO J1772 J1772COMBO,US,Directions masquees,,,Privé,,RESTRICTED,,GOV-999,UTILITY,,,,,,,REDACTED_PRICING,PRIX_REDACTE,,,,,,,,,,,,,,,,,MD,True,,1,,0,,0,,0,,0,,2026-09-06
ELEC,Sample Station 30,123 Sample Street,Directions hidden for privacy,Sun Valley,CA,00000,0000,555-0100,E,,Private,For fleet use only,,,,,,57.0,2.0,,SHELL_RECHARGE,https://www.shell.us/motorist/electric-vehicle-charging.html,GPS,34.24872787892647,-118.3871689204287,2025-11-13,1517,2026-08-07 18:57:47 UTC,LG,999,Confidential Government Agency,1999-10-15,,,,,CHADEMO J1772 J1772COMBO,US,Directions masquees,,,Privé,,RESTRICTED,,GOV-999,UTILITY,,,,,,,REDACTED_PRICING,PRIX_REDACTE,,,,,,,,,,,,,,,,,MD,True,,1,,0,,0,,0,,0,,2026-09-06
ELEC,Sample Station 31,123 Sample Street,Directions hidden for privacy,Sun Valley,CA,00000,0000,555-0100,E,,Private,For fleet use only,,,,,,57.0,2.0,,SHELL_RECHARGE,https://www.shell.us/motorist/electric-vehicle-charging.html,GPS,34.24909178522101,-118.38767567430281,2025-11-13,1517,2026-08-07 18:57:47 UTC,LG,999,Confidential Government Agency,1999-10-15,,,,,CHADEMO J1772 J1772COMBO,US,Directions masquees,,,Privé,,RESTRICTED,,GOV-999,UTILITY,,,,,,,REDACTED_PRICING,PRIX_REDACTE,,,,,,,,,,,,,,,,,MD,True,,1,,0,,0,,0,,0,,2026-09-06
ELEC,Sample Station 32,123 Sample Street,Directions hidden for privacy,Sun Valley,CA,00000,0000,555-0100,E,,Private,For fleet use only,,,,,,57.0,2.0,,SHELL_RECHARGE,https://www.shell.us/motorist/electric-vehicle-charging.html,GPS,34.24791544629962,-118.38844415547318,2025-11-13,1517,2026-08-07 18:57:47 UTC,LG,999,Confidential Government Agency,1999-10-15,,,,,CHADEMO J1772 J1772COMBO,US,Directions masquees,,,Privé,,RESTRICTED,,GOV-999,UTILITY,,,,,,,REDACTED_PRICING,PRIX_REDACTE,,,,,,,,,,,,,,,,,MD,True,,1,,0,,0,,0,,0,,2026-09-06
ELEC,Sample Station 33,123 Sample Street,Directions hidden for privacy,Sun Valley,CA,00000,0000,555-0100,E,,Private,For fleet use only,,,,,,57.0,2.0,,SHELL_RECHARGE,https://www.shell.us/motorist/electric-vehicle-charging.html,GPS,34.24791041273391,-118.38793624735587,2025-11-13,1517,2026-08-07 18:57:47 UTC,LG,999,Confidential Government Agency,1999-10-15,,,,,CHADEMO J1772 J1772COMBO,US,Directions masquees,,,Privé,,RESTRICTED,,GOV-999,UTILITY,,,,,,,REDACTED_PRICING,PRIX_REDACTE,,,,,,,,,,,,,,,,,MD,True,,1,,0,,0,,0,,0,,2026-09-06
ELEC,Sample Station 34,123 Sample Street,Directions hidden for privacy,Sun Valley,CA,00000,0000,555-0100,E,,Private,For fleet use only,,,,,,57.0,2.0,,SHELL_RECHARGE,https://www.shell.us/motorist/electric-vehicle-charging.html,GPS,34.24751723557046,-118.3885359236802,2025-11-13,1517,2026-08-07 18:57:47 UTC,LG,999,Confidential Government Agency,1999-10-15,,,,,CHADEMO J1772 J1772COMBO,US,Directions masquees,,,Privé,,RESTRICTED,,GOV-999,UTILITY,,,,,,,REDACTED_PRICING,PRIX_REDACTE,,,,,,,,,,,,,,,,,MD,True,,1,,0,,0,,0,,0,,2026-09-06
ELEC,Sample Station 35,123 Sample Street,Directions hidden for privacy,Sun Valley,CA,00000,0000,555-0100,E,,Private,For fleet use only,,,,,,57.0,2.0,,SHELL_RECHARGE,https://www.shell.us/motorist/electric-vehicle-charging.html,GPS,34.24918075439546,-118.38815699687987,2025-11-13,1517,2026-08-07 18:57:47 UTC,LG,999,Confidential Government Agency,1999-10-15,,,,,CHADEMO J1772 J1772COMBO,US,Directions masquees,,,Privé,,RESTRICTED,,GOV-999,UTILITY,,,,,,,REDACTED_PRICING,PRIX_REDACTE,,,,,,,,,,,,,,,,,MD,True,,1,,0,,0,,0,,0,,2026-09-06
ELEC,Sample Station 36,123 Sample Street,Directions hidden for privacy,Sun Valley,CA,00000,0000,555-0100,E,,Private,For fleet use only,,,,,,57.0,2.0,,SHELL_RECHARGE,https://www.shell.us/motorist/electric-vehicle-charging.html,GPS,34.24897344655423,-118.38702053107203,2025-11-13,1517,2026-08-07 18:57:47 UTC,LG,999,Confidential Government Agency,1999-10-15,,,,,CHADEMO J1772 J1772COMBO,US,Directions masquees,,,Privé,,RESTRICTED,,GOV-999,UTILITY,,,,,,,REDACTED_PRICING,PRIX_REDACTE,,,,,,,,,,,,,,,,,MD,True,,1,,0,,0,,0,,0,,2026-09-06
ELEC,Sample Station 37,123 Sample Street,Directions hidden for privacy,Sun Valley,CA,00000,0000,555-0100,E,,Private,For fleet use only,,,,,,57.0,2.0,,SHELL_RECHARGE,https://www.shell.us/motorist/electric-vehicle-charging.html,GPS,34.24856293797693,-118.38837278925334,2025-11-13,1517,2026-08-07 18:57:47 UTC,LG,999,Confidential Government Agency,1999-10-15,,,,,CHADEMO J1772 J1772COMBO,US,Directions masquees,,,Privé,,RESTRICTED,,GOV-999,UTILITY,,,,,,,REDACTED_PRICING,PRIX_REDACTE,,,,,,,,,,,,,,,,,MD,True,,1,,0,,0,,0,,0,,2026-09-06
ELEC,Sample Station 38,123 Sample Street,Directions hidden for privacy,Sun Valley,CA,00000,0000,555-0100,E,,Private,For fleet use only,,,,,,57.0,2.0,,SHELL_RECHARGE,https://www.shell.us/motorist/electric-vehicle-charging.html,GPS,34.24812189490408,-118.38895272226198,2025-11-13,1517,2026-08-07 18:57:47 UTC,LG,999,Confidential Government Agency,1999-10-15,,,,,CHADEMO J1772 J1772COMBO,US,Directions masquees,,,Privé,,RESTRICTED,,GOV-999,UTILITY,,,,,,,REDACTED_PRICING,PRIX_REDACTE,,,,,,,,,,,,,,,,,MD,True,,1,,0,,0,,0,,0,,2026-09-06
ELEC,Sample Station 39,123 Sample Street,Directions hidden for privacy,Sun Valley,CA,00000,0000,555-0100,E,,Private,For fleet use only,,,,,,57.0,2.0,,SHELL_RECHARGE,https://www.shell.us/motorist/electric-vehicle-charging.html,GPS,34.24875078824745,-118.38841843662783,2025-11-13,1517,2026-08-07 18:57:47 UTC,LG,999,Confidential Government Agency,1999-10-15,,,,,CHADEMO J1772 J1772COMBO,US,Directions masquees,,,Privé,,RESTRICTED,,GOV-999,UTILITY,,,,,,,REDACTED_PRICING,PRIX_REDACTE,,,,,,,,,,,,,,,,,MD,True,,1,,0,,0,,0,,0,,2026-09-06
ELEC,Sample Station 40,123 Sample Street,Directions hidden for privacy,Sun Valley,CA,00000,0000,555-0100,E,,Private,For fleet use only,,,,,,57.0,2.0,,SHELL_RECHARGE,https://www.shell.us/motorist/electric-vehicle-charging.html,GPS,34.24871565135069,-118.38792667535783,2025-11-13,1517,2026-08-07 18:57:47 UTC,LG,999,Confidential Government Agency,1999-10-15,,,,,CHADEMO J1772 J1772COMBO,US,Directions masquees,,,Privé,,RESTRICTED,,GOV-999,UTILITY,,,,,,,REDACTED_PRICING,PRIX_REDACTE,,,,,,,,,,,,,,,,,MD,True,,1,,0,,0,,0,,0,,2026-09-06
ELEC,Sample Station 41,123 Sample Street,Directions hidden for privacy,Sun Valley,CA,00000,0000,555-0100,E,,Private,For fleet use only,,,,,,57.0,2.0,,SHELL_RECHARGE,https://www.shell.us/motorist/electric-vehicle-charging.html,GPS,34.24815432777446,-118.3885150641824,2025-11-13,1517,2026-08-07 18:57:47 UTC,LG,999,Confidential Government Agency,1999-10-15,,,,,CHADEMO J1772 J1772COMBO,US,Directions masquees,,,Privé,,RESTRICTED,,GOV-999,UTILITY,,,,,,,REDACTED_PRICING,PRIX_REDACTE,,,,,,,,,,,,,,,,,MD,True,,1,,0,,0,,0,,0,,2026-09-06
ELEC,Sample Station 42,123 Sample Street,Directions hidden for privacy,Sun Valley,CA,00000,0000,555-0100,E,,Private,For fleet use only,,,,,,57.0,2.0,,SHELL_RECHARGE,https://www.shell.us/motorist/electric-vehicle-charging.html,GPS,34.24803865566491,-118.38859198928606,2025-11-13,1517,2026-08-07 18:57:47 UTC,LG,999,Confidential Government Agency,1999-10-15,,,,,CHADEMO J1772 J1772COMBO,US,Directions masquees,,,Privé,,RESTRICTED,,GOV-999,UTILITY,,,,,,,REDACTED_PRICING,PRIX_REDACTE,,,,,,,,,,,,,,,,,MD,True,,1,,0,,0,,0,,0,,2026-09-06
ELEC,Sample Station 43,123 Sample Street,Directions hidden for privacy,Sun Valley,CA,00000,0000,555-0100,E,,Private,For fleet use only,,,,,,57.0,2.0,,SHELL_RECHARGE,https://www.shell.us/motorist/electric-vehicle-charging.html,GPS,34.248648351567134,-118.38856023893922,2025-11-13,1517,2026-08-07 18:57:47 UTC,LG,999,Confidential Government Agency,1999-10-15,,,,,CHADEMO J1772 J1772COMBO,US,Directions masquees,,,Privé,,RESTRICTED,,GOV-999,UTILITY,,,,,,,REDACTED_PRICING,PRIX_REDACTE,,,,,,,,,,,,,,,,,MD,True,,1,,0,,0,,0,,0,,2026-09-06
ELEC,Sample Station 44,123 Sample Street,Directions hidden for privacy,Sun Valley,CA,00000,0000,555-0100,E,,Private,For fleet use only,,,,,,57.0,2.0,,SHELL_RECHARGE,https://www.shell.us/motorist/electric-vehicle-charging.html,GPS,34.24786857318647,-118.38791305932428,2025-11-13,1517,2026-08-07 18:57:47 UTC,LG,999,Confidential Government Agency,1999-10-15,,,,,CHADEMO J1772 J1772COMBO,US,Directions masquees,,,Privé,,RESTRICTED,,GOV-999,UTILITY,,,,,,,REDACTED_PRICING,PRIX_REDACTE,,,,,,,,,,,,,,,,,MD,True,,1,,0,,0,,0,,0,,2026-09-06
ELEC,Sample Station 45,123 Sample Street,Directions hidden for privacy,Sun Valley,CA,00000,0000,555-0100,E,,Private,For fleet use only,,,,,,57.0,2.0,,SHELL_RECHARGE,https://www.shell.us/motorist/electric-vehicle-charging.html,GPS,34.24913447494198,-118.38845452383158,2025-11-13,1517,2026-08-07 18:57:47 UTC,LG,999,Confidential Government Agency,1999-10-15,,,,,CHADEMO J1772 J1772COMBO,US,Directions masquees,,,Privé,,RESTRICTED,,GOV-999,UTILITY,,,,,,,REDACTED_PRICING,PRIX_REDACTE,,,,,,,,,,,,,,,,,MD,True,,1,,0,,0,,0,,0,,2026-09-06
ELEC,Sample Station 46,123 Sample Street,Directions hidden for privacy,Sun Valley,CA,00000,0000,555-0100,E,,Private,For fleet use only,,,,,,57.0,2.0,,SHELL_RECHARGE,https://www.shell.us/motorist/electric-vehicle-charging.html,GPS,34.247666295226445,-118.38830470101998,2025-11-13,1517,2026-08-07 18:57:47 UTC,LG,999,Confidential Government Agency,1999-10-15,,,,,CHADEMO J1772 J1772COMBO,US,Directions masquees,,,Privé,,RESTRICTED,,GOV-999,UTILITY,,,,,,,REDACTED_PRICING,PRIX_REDACTE,,,,,,,,,,,,,,,,,MD,True,,1,,0,,0,,0,,0,,2026-09-06
ELEC,Sample Station 47,123 Sample Street,Directions hidden for privacy,Sun Valley,CA,00000,0000,555-0100,E,,Private,For fleet use only,,,,,,57.0,2.0,,SHELL_RECHARGE,https://www.shell.us/motorist/electric-vehicle-charging.html,GPS,34.24922740753372,-118.38806707540147,2025-11-13,1517,2026-08-07 18:57:47 UTC,LG,999,Confidential Government Agency,1999-10-15,,,,,CHADEMO J1772 J1772COMBO,US,Directions masquees,,,Privé,,RESTRICTED,,GOV-999,UTILITY,,,,,,,REDACTED_PRICING,PRIX_REDACTE,,,,,,,,,,,,,,,,,MD,True,,1,,0,,0,,0,,0,,2026-09-06
ELEC,Sample Station 48,123 Sample Street,Directions hidden for privacy,Sun Valley,CA,00000,0000,555-0100,E,,Private,For fleet use only,,,,,,57.0,2.0,,SHELL_RECHARGE,https://www.shell.us/motorist/electric-vehicle-charging.html,GPS,34.24899928662164,-118.3888172501137,2025-11-13,1517,2026-08-07 18:57:47 UTC,LG,999,Confidential Government Agency,1999-10-15,,,,,CHADEMO J1772 J1772COMBO,US,Directions masquees,,,Privé,,RESTRICTED,,GOV-999,UTILITY,,,,,,,REDACTED_PRICING,PRIX_REDACTE,,,,,,,,,,,,,,,,,MD,True,,1,,0,,0,,0,,0,,2026-09-06
ELEC,Sample Station 49,123 Sample Street,Directions hidden for privacy,Sun Valley,CA,00000,0000,555-0100,E,,Private,For fleet use only,,,,,,57.0,2.0,,SHELL_RECHARGE,https://www.shell.us/motorist/electric-vehicle-charging.html,GPS,34.24908151481351,-118.38817234904914,2025-11-13,1517,2026-08-07 18:57:47 UTC,LG,999,Confidential Government Agency,1999-10-15,,,,,CHADEMO J1772 J1772COMBO,US,Directions masquees,,,Privé,,RESTRICTED,,GOV-999,UTILITY,,,,,,,REDACTED_PRICING,PRIX_REDACTE,,,,,,,,,,,,,,,,,MD,True,,1,,0,,0,,0,,0,,2026-09-06
ELEC,Sample Station 50,123 Sample Street,Directions hidden for privacy,Sun Valley,CA,00000,0000,555-0100,E,,Private,For fleet use only,,,,,,57.0,2.0,,SHELL_RECHARGE,https://www.shell.us/motorist/electric-vehicle-charging.html,GPS,34.24819826955834,-118.38742890403141,2025-11-13,1517,2026-08-07 18:57:47 UTC,LG,999,Confidential Government Agency,1999-10-15,,,,,CHADEMO J1772 J1772COMBO,US,Directions masquees,,,Privé,,RESTRICTED,,GOV-999,UTILITY,,,,,,,REDACTED_PRICING,PRIX_REDACTE,,,,,,,,,,,,,,,,,MD,True,,1,,0,,0,,0,,0,,2026-09-06
ELEC,Sample Station 51,123 Sample Street,Directions hidden for privacy,Sun Valley,CA,00000,0000,555-0100,E,,Private,For fleet use only,,,,,,57.0,2.0,,SHELL_RECHARGE,https://www.shell.us/motorist/electric-vehicle-charging.html,GPS,34.24778488440456,-118.38809889055793,2025-11-13,1517,2026-08-07 18:57:47 UTC,LG,999,Confidential Government Agency,1999-10-15,,,,,CHADEMO J1772 J1772COMBO,US,Directions masquees,,,Privé,,RESTRICTED,,GOV-999,UTILITY,,,,,,,REDACTED_PRICING,PRIX_REDACTE,,,,,,,,,,,,,,,,,MD,True,,1,,0,,0,,0,,0,,2026-09-06
ELEC,Sample Station 52,123 Sample Street,Directions hidden for privacy,Sun Valley,CA,00000,0000,555-0100,E,,Private,For fleet use only,,,,,,57.0,2.0,,SHELL_RECHARGE,https://www.shell.us/motorist/electric-vehicle-charging.html,GPS,34.24750248224469,-118.38856404583203,2025-11-13,1517,2026-08-07 18:57:47 UTC,LG,999,Confidential Government Agency,1999-10-15,,,,,CHADEMO J1772 J1772COMBO,US,Directions masquees,,,Privé,,RESTRICTED,,GOV-999,UTILITY,,,,,,,REDACTED_PRICING,PRIX_REDACTE,,,,,,,,,,,,,,,,,MD,True,,1,,0,,0,,0,,0,,2026-09-06
ELEC,Sample Station 53,123 Sample Street,Directions hidden for privacy,Sun Valley,CA,00000,0000,555-0100,E,,Private,For fleet use only,,,,,,57.0,2.0,,SHELL_RECHARGE,https://www.shell.us/motorist/electric-vehicle-charging.html,GPS,34.24872626545687,-118.38829716452246,2025-11-13,1517,2026-08-07 18:57:47 UTC,LG,999,Confidential Government Agency,1999-10-15,,,,,CHADEMO J1772 J1772COMBO,US,Directions masquees,,,Privé,,RESTRICTED,,GOV-999,UTILITY,,,,,,,REDACTED_PRICING,PRIX_REDACTE,,,,,,,,,,,,,,,,,MD,True,,1,,0,,0,,0,,0,,2026-09-06
ELEC,Sample Station 54,123 Sample Street,Directions hidden for privacy,Sun Valley,CA,00000,0000,555-0100,E,,Private,For fleet use only,,,,,,57.0,2.0,,SHELL_RECHARGE,https://www.shell.us/motorist/electric-vehicle-charging.html,GPS,34.248746884053276,-118.38730494250613,2025-11-13,1517,2026-08-07 18:57:47 UTC,LG,999,Confidential Government Agency,1999-10-15,,,,,CHADEMO J1772 J1772COMBO,US,Directions masquees,,,Privé,,RESTRICTED,,GOV-999,UTILITY,,,,,,,REDACTED_PRICING,PRIX_REDACTE,,,,,,,,,,,,,,,,,MD,True,,1,,0,,0,,0,,0,,2026-09-06
ELEC,Sample Station 55,123 Sample Street,Directions hidden for privacy,Sun Valley,CA,00000,0000,555-0100,E,,Private,For fleet use only,,,,,,57.0,2.0,,SHELL_RECHARGE,https://www.shell.us/motorist/electric-vehicle-charging.html,GPS,34.248170482593125,-118.38765742514859,2025-11-13,1517,2026-08-07 18:57:47 UTC,LG,999,Confidential Government Agency,1999-10-15,,,,,CHADEMO J1772 J1772COMBO,US,Directions masquees,,,Privé,,RESTRICTED,,GOV-999,UTILITY,,,,,,,REDACTED_PRICING,PRIX_REDACTE,,,,,,,,,,,,,,,,,MD,True,,1,,0,,0,,0,,0,,2026-09-06
ELEC,Sample Station 56,123 Sample Street,Directions hidden for privacy,Sun Valley,CA,00000,0000,555-0100,E,,Private,For fleet use only,,,,,,57.0,2.0,,SHELL_RECHARGE,https://www.shell.us/motorist/electric-vehicle-charging.html,GPS,34.24799133001627,-118.38820677951793,2025-11-13,1517,2026-08-07 18:57:47 UTC,LG,999,Confidential Government Agency,1999-10-15,,,,,CHADEMO J1772 J1772COMBO,US,Directions masquees,,,Privé,,RESTRICTED,,GOV-999,UTILITY,,,,,,,REDACTED_PRICING,PRIX_REDACTE,,,,,,,,,,,,,,,,,MD,True,,1,,0,,0,,0,,0,,2026-09-06
ELEC,Sample Station 57,123 Sample Street,Directions hidden for privacy,Sun Valley,CA,00000,0000,555-0100,E,,Private,For fleet use only,,,,,,57.0,2.0,,SHELL_RECHARGE,https://www.shell.us/motorist/electric-vehicle-charging.html,GPS,34.2489692602869,-118.38715663273388,2025-11-13,1517,2026-08-07 18:57:47 UTC,LG,999,Confidential Government Agency,1999-10-15,,,,,CHADEMO J1772 J1772COMBO,US,Directions masquees,,,Privé,,RESTRICTED,,GOV-999,UTILITY,,,,,,,REDACTED_PRICING,PRIX_REDACTE,,,,,,,,,,,,,,,,,MD,True,,1,,0,,0,,0,,0,,2026-09-06
ELEC,Sample Station 58,123 Sample Street,Directions hidden for privacy,Sun Valley,CA,00000,0000,555-0100,E,,Private,For fleet use only,,,,,,57.0,2.0,,SHELL_RECHARGE,https://www.shell.us/motorist/electric-vehicle-charging.html,GPS,34.247581948256176,-118.38769613750082,2025-11-13,1517,2026-08-07 18:57:47 UTC,LG,999,Confidential Government Agency,1999-10-15,,,,,CHADEMO J1772 J1772COMBO,US,Directions masquees,,,Privé,,RESTRICTED,,GOV-999,UTILITY,,,,,,,REDACTED_PRICING,PRIX_REDACTE,,,,,,,,,,,,,,,,,MD,True,,1,,0,,0,,0,,0,,2026-09-06
ELEC,Sample Station 59,123 Sample Street,Directions hidden for privacy,Sun Valley,CA,00000,0000,555-0100,E,,Private,For fleet use only,,,,,,57.0,2.0,,SHELL_RECHARGE,https://www.shell.us/motorist/electric-vehicle-charging.html,GPS,34.24782224105034,-118.38825401516301,2025-11-13,1517,2026-08-07 18:57:47 UTC,LG,999,Confidential Government Agency,1999-10-15,,,,,CHADEMO J1772 J1772COMBO,US,Directions masquees,,,Privé,,RESTRICTED,,GOV-999,UTILITY,,,,,,,REDACTED_PRICING,PRIX_REDACTE,,,,,,,,,,,,,,,,,MD,True,,0,,1,25.0,1,25.0,0,,0,,2026-09-06
ELEC,Sample Station 60,123 Sample Street,Directions hidden for privacy,Los Angeles,CA,00000,0000,555-0100,E,,Public,5:30am-9pm; pay lot,,,,,,8.0,,,Non-Networked,,GPS,34.04091354488877,-118.27105970039227,2025-12-12,1523,2026-02-02 23:16:24 UTC,P,999,Confidential Government Agency,1995-08-30,,,,,J1772,US,Directions masquees,,,Public,,RESTRICTED,,GOV-999,PARKING_GARAGE,,,,,,,REDACTED_PRICING,PRIX_REDACTE,,,,,,,,,False,,,,,,,,LD,False,,1,,0,,0,,0,,0,,2026-09-06
ELEC,Sample Station 61,123 Sample Street,Directions hidden for privacy,Los Angeles,CA,00000,0000,555-0100,E,,Public,5:30am-9pm; pay lot,,,,,,8.0,,,Non-Networked,,GPS,34.040520058268676,-118.27111700734984,2025-12-12,1523,2026-02-02 23:16:24 UTC,P,999,Confidential Government Agency,1995-08-30,,,,,J1772,US,Directions masquees,,,Public,,RESTRICTED,,GOV-999,PARKING_GARAGE,,,,,,,REDACTED_PRICING,PRIX_REDACTE,,,,,,,,,False,,,,,,,,LD,False,,1,,0,,0,,0,,0,,2026-09-06
ELEC,Sample Station 62,123 Sample Street,Directions hidden for privacy,Los Angeles,CA,00000,0000,555-0100,E,,Public,5:30am-9pm; pay lot,,,,,,8.0,,,Non-Networked,,GPS,34.04128953168689,-118.27124481801765,2025-12-12,1523,2026-02-02 23:16:24 UTC,P,999,Confidential Government Agency,1995-08-30,,,,,J1772,US,Directions masquees,,,Public,,RESTRICTED,,GOV-999,PARKING_GARAGE,,,,,,,REDACTED_PRICING,PRIX_REDACTE,,,,,,,,,False,,,,,,,,LD,False,,1,,0,,0,,0,,0,,2026-09-06
ELEC,Sample Station 63,123 Sample Street,Directions hidden for privacy,Los Angeles,CA,00000,0000,555-0100,E,,Public,5:30am-9pm; pay lot,,,,,,8.0,,,Non-Networked,,GPS,34.0413815642887,-118.2709690531077,2025-12-12,1523,2026-02-02 23:16:24 UTC,P,999,Confidential Government Agency,1995-08-30,,,,,J1772,US,Directions masquees,,,Public,,RESTRICTED,,GOV-999,PARKING_GARAGE,,,,,,,REDACTED_PRICING,PRIX_REDACTE,,,,,,,,,False,,,,,,,,LD,False,,1,,0,,0,,0,,0,,2026-09-06
ELEC,Sample Station 64,123 Sample Street,Directions hidden for privacy,Los Angeles,CA,00000,0000,555-0100,E,,Public,5:30am-9pm; pay lot,,,,,,8.0,,,Non-Networked,,GPS,34.04073489088974,-118.27205398035977,2025-12-12,1523,2026-02-02 23:16:24 UTC,P,999,Confidential Government Agency,1995-08-30,,,,,J1772,US,Directions masquees,,,Public,,RESTRICTED,,GOV-999,PARKING_GARAGE,,,,,,,REDACTED_PRICING,PRIX_REDACTE,,,,,,,,,False,,,,,,,,LD,False,,1,,0,,0,,0,,0,,2026-09-06
ELEC,Sample Station 65,123 Sample Street,Directions hidden for privacy,Los Angeles,CA,00000,0000,555-0100,E,,Public,5:30am-9pm; pay lot,,,,,,8.0,,,Non-Networked,,GPS,34.0398036586601,-118.27173557605187,2025-12-12,1523,2026-02-02 23:16:24 UTC,P,999,Confidential Government Agency,1995-08-30,,,,,J1772,US,Directions masquees,,,Public,,RESTRICTED,,GOV-999,PARKING_GARAGE,,,,,,,REDACTED_PRICING,PRIX_REDACTE,,,,,,,,,False,,,,,,,,LD,False,,1,,0,,0,,0,,0,,2026-09-06
ELEC,Sample Station 66,123 Sample Street,Directions hidden for privacy,Los Angeles,CA,00000,0000,555-0100,E,,Public,5:30am-9pm; pay lot,,,,,,8.0,,,Non-Networked,,GPS,34.04101449013006,-118.27195616144724,2025-12-12,1523,2026-02-02 23:16:24 UTC,P,999,Confidential Government Agency,1995-08-30,,,,,J1772,US,Directions masquees,,,Public,,RESTRICTED,,GOV-999,PARKING_GARAGE,,,,,,,REDACTED_PRICING,PRIX_REDACTE,,,,,,,,,False,,,,,,,,LD,False,,1,,0,,0,,0,,0,,2026-09-06
ELEC,Sample Station 67,123 Sample Street,Directions hidden for privacy,Los Angeles,CA,00000,0000,555-0100,E,,Public,5:30am-9pm; pay lot,,,,,,8.0,,,Non-Networked,,GPS,34.03971469832195,-118.27176883451885,2025-12-12,1523,2026-02-02 23:16:24 UTC,P,999,Confidential Government Agency,1995-08-30,,,,,J1772,US,Directions masquees,,,Public,,RESTRICTED,,GOV-999,PARKING_GARAGE,,,,,,,REDACTED_PRICING,PRIX_REDACTE,,,,,,,,,False,,,,,,,,LD,False,,1,,0,,0,,0,,0,,2026-09-06
ELEC,Sample Station 68,123 Sample Street,Directions hidden for privacy,Los Angeles,CA,00000,0000,555-0100,E,,Private,For fleet and employee use only,,,,,,379.0,15.0,,Non-Networked,,GPS,34.05881946090217,-118.2487471969186,2025-11-13,1525,2026-08-07 18:57:47 UTC,LG,999,Confidential Government Agency,1999-10-15,,,,,CHADEMO J1772 J1772COMBO,US,Directions masquees,,,Privé,,RESTRICTED,,GOV-999,UTILITY,,,,,,,REDACTED_PRICING,PRIX_REDACTE,,,,,,,,,,,,,,,,,LD,True,,1,,0,,0,,0,,0,,2026-09-06
ELEC,Sample Station 69,123 Sample Street,Directions hidden for privacy,Los Angeles,CA,00000,0000,555-0100,E,,Private,For fleet and employee use only,,,,,,379.0,15.0,,Non-Networked,,GPS,34.05865727956649,-118.24817879299351,2025-11-13,1525,2026-08-07 18:57:47 UTC,LG,999,Confidential Government Agency,1999-10-15,,,,,CHADEMO J1772 J1772COMBO,US,Directions masquees,,,Privé,,RESTRICTED,,GOV-999,UTILITY,,,,,,,REDACTED_PRICING,PRIX_REDACTE,,,,,,,,,,,,,,,,,LD,True,,1,,0,,0,,0,,0,,2026-09-06
ELEC,Sample Station 70,123 Sample Street,Directions hidden for privacy,Los Angeles,CA,00000,0000,555-0100,E,,Private,For fleet and employee use only,,,,,,379.0,15.0,,Non-Networked,,GPS,34.05828193414699,-118.24858571308299,2025-11-13,1525,2026-08-07 18:57:47 UTC,LG,999,Confidential Government Agency,1999-10-15,,,,,CHADEMO J1772 J1772COMBO,US,Directions masquees,,,Privé,,RESTRICTED,,GOV-999,UTILITY,,,,,,,REDACTED_PRICING,PRIX_REDACTE,,,,,,,,,,,,,,,,,LD,True,,1,,0,,0,,0,,0,,2026-09-06
ELEC,Sample Station 71,123 Sample Street,Directions hidden for privacy,Los Angeles,CA,00000,0000,555-0100,E,,Private,For fleet and employee use only,,,,,,379.0,15.0,,Non-Networked,,GPS,34.05930624811747,-118.24911393591994,2025-11-13,1525,2026-08-07 18:57:47 UTC,LG,999,Confidential Government Agency,1999-10-15,,,,,CHADEMO J1772 J1772COMBO,US,Directions masquees,,,Privé,,RESTRICTED,,GOV-999,UTILITY,,,,,,,REDACTED_PRICING,PRIX_REDACTE,,,,,,,,,,,,,,,,,LD,True,,1,,0,,0,,0,,0,,2026-09-06
ELEC,Sample Station 72,123 Sample Street,Directions hidden for privacy,Los Angeles,CA,00000,0000,555-0100,E,,Private,For fleet and employee use only,,,,,,379.0,15.0,,Non-Networked,,GPS,34.058573211526856,-118.24880197314701,2025-11-13,1525,2026-08-07 18:57:47 UTC,LG,999,Confidential Government Agency,1999-10-15,,,,,CHADEMO J1772 J1772COMBO,US,Directions masquees,,,Privé,,RESTRICTED,,GOV-999,UTILITY,,,,,,,REDACTED_PRICING,PRIX_REDACTE,,,,,,,,,,,,,,,,,LD,True,,1,,0,,0,,0,,0,,2026-09-06
ELEC,Sample Station 73,123 Sample Street,Directions hidden for privacy,Los Angeles,CA,00000,0000,555-0100,E,,Private,For fleet and employee use only,,,,,,379.0,15.0,,Non-Networked,,GPS,34.059902873397505,-118.24779318063239,2025-11-13,1525,2026-08-07 18:57:47 UTC,LG,999,Confidential Government Agency,1999-10-15,,,,,CHADEMO J1772 J1772COMBO,US,Directions masquees,,,Privé,,RESTRICTED,,GOV-999,UTILITY,,,,,,,REDACTED_PRICING,PRIX_REDACTE,,,,,,,,,,,,,,,,,LD,True,,1,,0,,0,,0,,0,,2026-09-06
ELEC,Sample Station 74,123 Sample Street,Directions hidden for privacy,Los Angeles,CA,00000,0000,555-0100,E,,Private,For fleet and employee use only,,,,,,379.0,15.0,,Non-Networked,,GPS,34.05988371815921,-118.24907070561719,2025-11-13,1525,2026-08-07 18:57:47 UTC,LG,999,Confidential Government Agency,1999-10-15,,,,,CHADEMO J1772 J1772COMBO,US,Directions masquees,,,Privé,,RESTRICTED,,GOV-999,UTILITY,,,,,,,REDACTED_PRICING,PRIX_REDACTE,,,,,,,,,,,,,,,,,LD,True,,1,,0,,0,,0,,0,,2026-09-06
ELEC,Sample Station 75,123 Sample Street,Directions hidden for privacy,Los Angeles,CA,00000,0000,555-0100,E,,Private,For fleet and employee use only,,,,,,379.0,15.0,,Non-Networked,,GPS,34.059862850134486,-118.24816280588688,2025-11-13,1525,2026-08-07 18:57:47 UTC,LG,999,Confidential Government Agency,1999-10-15,,,,,CHADEMO J1772 J1772COMBO,US,Directions masquees,,,Privé,,RESTRICTED,,GOV-999,UTILITY,,,,,,,REDACTED_PRICING,PRIX_REDACTE,,,,,,,,,,,,,,,,,LD,True,,1,,0,,0,,0,,0,,2026-09-06
ELEC,Sample Station 76,123 Sample Street,Directions hidden for privacy,Los Angeles,CA,00000,0000,555-0100,E,,Private,For fleet and employee use only,,,,,,379.0,15.0,,Non-Networked,,GPS,34.0600189799726,-118.248472475666,2025-11-13,1525,2026-08-07 18:57:47 UTC,LG,999,Confidential Government Agency,1999-10-15,,,,,CHADEMO J1772 J1772COMBO,US,Directions masquees,,,Privé,,RESTRICTED,,GOV-999,UTILITY,,,,,,,REDACTED_PRICING,PRIX_REDACTE,,,,,,,,,,,,,,,,,LD,True,,1,,0,,0,,0,,0,,2026-09-06
ELEC,Sample Station 77,123 Sample Street,Directions hidden for privacy,Los Angeles,CA,00000,0000,555-0100,E,,Private,For fleet and employee use only,,,,,,379.0,15.0,,Non-Networked,,GPS,34.05825798477063,-118.24832161430903,2025-11-13,1525,2026-08-07 18:57:47 UTC,LG,999,Confidential Government Agency,1999-10-15,,,,,CHADEMO J1772 J1772COMBO,US,Directions masquees,,,Privé,,RESTRICTED,,GOV-999,UTILITY,,,,,,,REDACTED_PRICING,PRIX_REDACTE,,,,,,,,,,,,,,,,,LD,True,,1,,0,,0,,0,,0,,2026-09-06
ELEC,Sample Station 78,123 Sample Street,Directions hidden for privacy,Los Angeles,CA,00000,0000,555-0100,E,,Private,For fleet and employee use only,,,,,,379.0,15.0,,Non-Networked,,GPS,34.05869445228705,-118.24830710411119,2025-11-13,1525,2026-08-07 18:57:47 UTC,LG,999,Confidential Government Agency,1999-10-15,,,,,CHADEMO J1772 J1772COMBO,US,Directions masquees,,,Privé,,RESTRICTED,,GOV-999,UTILITY,,,,,,,REDACTED_PRICING,PRIX_REDACTE,,,,,,,,,,,,,,,,,LD,True,,1,,0,,0,,0,,0,,2026-09-06
ELEC,Sample Station 79,123 Sample Street,Directions hidden for privacy,Los Angeles,CA,00000,0000,555-0100,E,,Private,For fleet and employee use only,,,,,,379.0,15.0,,Non-Networked,,GPS,34.05911221766404,-118.24779096014875,2025-11-13,1525,2026-08-07 18:57:47 UTC,LG,999,Confidential Government Agency,1999-10-15,,,,,CHADEMO J1772 J1772COMBO,US,Directions masquees,,,Privé,,RESTRICTED,,GOV-999,UTILITY,,,,,,,REDACTED_PRICING,PRIX_REDACTE,,,,,,,,,,,,,,,,,LD,True,,1,,0,,0,,0,,0,,2026-09-06
ELEC,Sample Station 80,123 Sample Street,Directions hidden for privacy,Los Angeles,CA,00000,0000,555-0100,E,,Private,For fleet and employee use only,,,,,,379.0,15.0,,Non-Networked,,GPS,34.05972800120571,-118.2487962105531,2025-11-13,1525,2026-08-07 18:57:47 UTC,LG,999,Confidential Government Agency,1999-10-15,,,,,CHADEMO J1772 J1772COMBO,US,Directions masquees,,,Privé,,RESTRICTED,,GOV-999,UTILITY,,,,,,,REDACTED_PRICING,PRIX_REDACTE,,,,,,,,,,,,,,,,,LD,True,,1,,0,,0,,0,,0,,2026-09-06
ELEC,Sample Station 81,123 Sample Street,Directions hidden for privacy,Los Angeles,CA,00000,0000,555-0100,E,,Private,For fleet and employee use only,,,,,,379.0,15.0,,Non-Networked,,GPS,34.05869906189928,-118.24938327738552,2025-11-13,1525,2026-08-07 18:57:47 UTC,LG,999,Confidential Government Agency,1999-10-15,,,,,CHADEMO J1772 J1772COMBO,US,Directions masquees,,,Privé,,RESTRICTED,,GOV-999,UTILITY,,,,,,,REDACTED_PRICING,PRIX_REDACTE,,,,,,,,,,,,,,,,,LD,True,,1,,0,,0,,0,,0,,2026-09-06
ELEC,Sample Station 82,123 Sample Street,Directions hidden for privacy,Los Angeles,CA,00000,0000,555-0100,E,,Private,For fleet and employee use only,,,,,,379.0,15.0,,Non-Networked,,GPS,34.058563041471075,-118.24769950452567,2025-11-13,1525,2026-08-07 18:57:47 UTC,LG,999,Confidential Government Agency,1999-10-15,,,,,CHADEMO J1772 J1772COMBO,US,Directions masquees,,,Privé,,RESTRICTED,,GOV-999,UTILITY,,,,,,,REDACTED_PRICING,PRIX_REDACTE,,,,,,,,,,,,,,,,,LD,True,,1,,0,,0,,0,,0,,2026-09-06
ELEC,Sample Station 83,123 Sample Street,Directions hidden for privacy,Los Angeles,CA,00000,0000,555-0100,E,,Private,For fleet and employee use only,,,,,,379.0,15.0,,Non-Networked,,GPS,34.05851449330964,-118.24916996534813,2025-11-13,1525,2026-08-07 18:57:47 UTC,LG,999,Confidential Government Agency,1999-10-15,,,,,CHADEMO J1772 J1772COMBO,US,Directions masquees,,,Privé,,RESTRICTED,,GOV-999,UTILITY,,,,,,,REDACTED_PRICING,PRIX_REDACTE,,,,,,,,,,,,,,,,,LD,True,,1,,0,,0,,0,,0,,2026-09-06
ELEC,Sample Station 84,123 Sample Street,Directions hidden for privacy,Los Angeles,CA,00000,0000,555-0100,E,,Private,For fleet and employee use only,,,,,,379.0,15.0,,Non-Networked,,GPS,34.05831990808062,-118.2476775178359,2025-11-13,1525,2026-08-07 18:57:47 UTC,LG,999,Confidential Government Agency,1999-10-15,,,,,CHADEMO J1772 J1772COMBO,US,Directions masquees,,,Privé,,RESTRICTED,,GOV-999,UTILITY,,,,,,,REDACTED_PRICING,PRIX_REDACTE,,,,,,,,,,,,,,,,,LD,True,,1,,0,,0,,0,,0,,2026-09-06
ELEC,Sample Station 85,123 Sample Street,Directions hidden for privacy,Los Angeles,CA,00000,0000,555-0100,E,,Private,For fleet and employee use only,,,,,,379.0,15.0,,Non-Networked,,GPS,34.05986480411785,-118.24810120142604,2025-11-13,1525,2026-08-07 18:57:47 UTC,LG,999,Confidential Government Agency,1999-10-15,,,,,CHADEMO J1772 J1772COMBO,US,Directions masquees,,,Privé,,RESTRICTED,,GOV-999,UTILITY,,,,,,,REDACTED_PRICING,PRIX_REDACTE,,,,,,,,,,,,,,,,,LD,True,,1,,0,,0,,0,,0,,2026-09-06
ELEC,Sample Station 86,123 Sample Street,Directions hidden for privacy,Los Angeles,CA,00000,0000,555-0100,E,,Private,For fleet and employee use only,,,,,,379.0,15.0,,Non-Networked,,GPS,34.058988858076276,-118.24922449897764,2025-11-13,1525,2026-08-07 18:57:47 UTC,LG,999,Confidential Government Agency,1999-10-15,,,,,CHADEMO J1772 J1772COMBO,US,Directions masquees,,,Privé,,RESTRICTED,,GOV-999,UTILITY,,,,,,,REDACTED_PRICING,PRIX_REDACTE,,,,,,,,,,,,,,,,,LD,True,,1,,0,,0,,0,,0,,2026-09-06
ELEC,Sample Station 87,123 Sample Street,Directions hidden for privacy,Los Angeles,CA,00000,0000,555-0100,E,,Private,For fleet and employee use only,,,,,,379.0,15.0,,Non-Networked,,GPS,34.05937793377355,-118.24787614689458,2025-11-13,1525,2026-08-07 18:57:47 UTC,LG,999,Confidential Government Agency,1999-10-15,,,,,CHADEMO J1772 J1772COMBO,US,Directions masquees,,,Privé,,RESTRICTED,,GOV-999,UTILITY,,,,,,,REDACTED_PRICING,PRIX_REDACTE,,,,,,,,,,,,,,,,,LD,True,,1,,0,,0,,0,,0,,2026-09-06
ELEC,Sample Station 88,123 Sample Street,Directions hidden for privacy,Los Angeles,CA,00000,0000,555-0100,E,,Private,For fleet and employee use only,,,,,,379.0,15.0,,Non-Networked,,GPS,34.05835735582068,-118.24779913004177,2025-11-13,1525,2026-08-07 18:57:47 UTC,LG,999,Confidential Government Agency,1999-10-15,,,,,CHADEMO J1772 J1772COMBO,US,Directions masquees,,,Privé,,RESTRICTED,,GOV-999,UTILITY,,,,,,,REDACTED_PRICING,PRIX_REDACTE,,,,,,,,,,,,,,,,,LD,True,,1,,0,,0,,0,,0,,2026-09-06
ELEC,Sample Station 89,123 Sample Street,Directions hidden for privacy,Los Angeles,CA,00000,0000,555-0100,E,,Private,For fleet and employee use only,,,,,,379.0,15.0,,Non-Networked,,GPS,34.05969989448713,-118.2486221235486,2025-11-13,1525,2026-08-07 18:57:47 UTC,LG,999,Confidential Government Agency,1999-10-15,,,,,CHADEMO J1772 J1772COMBO,US,Directions masquees,,,Privé,,RESTRICTED,,GOV-999,UTILITY,,,,,,,REDACTED_PRICING,PRIX_REDACTE,,,,,,,,,,,,,,,,,LD,True,,1,,0,,0,,0,,0,,2026-09-06
ELEC,Sample Station 90,123 Sample Street,Directions hidden for privacy,Los Angeles,CA,00000,0000,555-0100,E,,Private,For fleet and employee use only,,,,,,379.0,15.0,,Non-Networked,,GPS,34.058914304820995,-118.24910233898933,2025-11-13,1525,2026-08-07 18:57:47 UTC,LG,999,Confidential Government Agency,1999-10-15,,,,,CHADEMO J1772 J1772COMBO,US,Directions masquees,,,Privé,,RESTRICTED,,GOV-999,UTILITY,,,,,,,REDACTED_PRICING,PRIX_REDACTE,,,,,,,,,,,,,,,,,LD,True,,1,,0,,0,,0,,0,,2026-09-06
ELEC,Sample Station 91,123 Sample Street,Directions hidden for privacy,Los Angeles,CA,00000,0000,555-0100,E,,Private,For fleet and employee use only,,,,,,379.0,15.0,,Non-Networked,,GPS,34.05938472946649,-118.24875209635361,2025-11-13,1525,2026-08-07 18:57:47 UTC,LG,999,Confidential Government Agency,1999-10-15,,,,,CHADEMO J1772 J1772COMBO,US,Directions masquees,,,Privé,,RESTRICTED,,GOV-999,UTILITY,,,,,,,REDACTED_PRICING,PRIX_REDACTE,,,,,,,,,,,,,,,,,LD,True,,1,,0,,0,,0,,0,,2026-09-06
ELEC,Sample Station 92,123 Sample Street,Directions hidden for privacy,Los Angeles,CA,00000,0000,555-0100,E,,Private,For fleet and employee use only,,,,,,379.0,15.0,,Non-Networked,,GPS,34.05925208345011,-118.24836379022688,2025-11-13,1525,2026-08-07 18:57:47 UTC,LG,999,Confidential Government Agency,1999-10-15,,,,,CHADEMO J1772 J1772COMBO,US,Directions masquees,,,Privé,,RESTRICTED,,GOV-999,UTILITY,,,,,,,REDACTED_PRICING,PRIX_REDACTE,,,,,,,,,,,,,,,,,LD,True,,1,,0,,0,,0,,0,,2026-09-06
ELEC,Sample Station 93,123 Sample Street,Directions hidden for privacy,Los Angeles,CA,00000,0000,555-0100,E,,Private,For fleet and employee use only,,,,,,379.0,15.0,,Non-Networked,,GPS,34.0593057870003,-118.24889592001708,2025-11-13,1525,2026-08-07 18:57:47 UTC,LG,999,Confidential Government Agency,1999-10-15,,,,,CHADEMO J1772 J1772COMBO,US,Directions masquees,,,Privé,,RESTRICTED,,GOV-999,UTILITY,,,,,,,REDACTED_PRICING,PRIX_REDACTE,,,,,,,,,,,,,,,,,LD,True,,1,,0,,0,,0,,0,,2026-09-06
ELEC,Sample Station 94,123 Sample Street,Directions hidden for privacy,Los Angeles,CA,00000,0000,555-0100,E,,Private,For fleet and employee use only,,,,,,379.0,15.0,,Non-Networked,,GPS,34.05882768186539,-118.2490574077693,2025-11-13,1525,2026-08-07 18:57:47 UTC,LG,999,Confidential Government Agency,1999-10-15,,,,,CHADEMO J1772 J1772COMBO,US,Directions masquees,,,Privé,,RESTRICTED,,GOV-999,UTILITY,,,,,,,REDACTED_PRICING,PRIX_REDACTE,,,,,,,,,,,,,,,,,LD,True,,1,,0,,0,,0,,0,,2026-09-06
ELEC,Sample Station 95,123 Sample Street,Directions hidden for privacy,Los Angeles,CA,00000,0000,555-0100,E,,Private,For fleet and employee use only,,,,,,379.0,15.0,,Non-Networked,,GPS,34.05893590308427,-118.24767306524502,2025-11-13,1525,2026-08-07 18:57:47 UTC,LG,999,Confidential Government Agency,1999-10-15,,,,,CHADEMO J1772 J1772COMBO,US,Directions masquees,,,Privé,,RESTRICTED,,GOV-999,UTILITY,,,,,,,REDACTED_PRICING,PRIX_REDACTE,,,,,,,,,,,,,,,,,LD,True,,1,,0,,0,,0,,0,,2026-09-06
ELEC,Sample Station 96,123 Sample Street,Directions hidden for privacy,Los Angeles,CA,00000,0000,555-0100,E,,Private,For fleet and employee use only,,,,,,379.0,15.0,,Non-Networked,,GPS,34.058822683903976,-118.24871503675028,2025-11-13,1525,2026-08-07 18:57:47 UTC,LG,999,Confidential Government Agency,1999-10-15,,,,,CHADEMO J1772 J1772COMBO,US,Directions masquees,,,Privé,,RESTRICTED,,GOV-999,UTILITY,,,,,,,REDACTED_PRICING,PRIX_REDACTE,,,,,,,,,,,,,,,,,LD,True,,1,,0,,0,,0,,0,,2026-09-06
ELEC,Sample Station 97,123 Sample Street,Directions hidden for privacy,Los Angeles,CA,00000,0000,555-0100,E,,Private,For fleet and employee use only,,,,,,379.0,15.0,,Non-Networked,,GPS,34.060031130124486,-118.24941415096343,2025-11-13,1525,2026-08-07 18:57:47 UTC,LG,999,Confidential Government Agency,1999-10-15,,,,,CHADEMO J1772 J1772COMBO,US,Directions masquees,,,Privé,,RESTRICTED,,GOV-999,UTILITY,,,,,,,REDACTED_PRICING,PRIX_REDACTE,,,,,,,,,,,,,,,,,LD,True,,1,,0,,0,,0,,0,,2026-09-06
ELEC,Sample Station 98,123 Sample Street,Directions hidden for privacy,Los Angeles,CA,00000,0000,555-0100,E,,Private,For fleet and employee use only,,,,,,379.0,15.0,,Non-Networked,,GPS,34.05870259233471,-118.24783303787413,2025-11-13,1525,2026-08-07 18:57:47 UTC,LG,999,Confidential Government Agency,1999-10-15,,,,,CHADEMO J1772 J1772COMBO,US,Directions masquees,,,Privé,,RESTRICTED,,GOV-999,UTILITY,,,,,,,REDACTED_PRICING,PRIX_REDACTE,,,,,,,,,,,,,,,,,LD,True,,1,,0,,0,,0,,0,,2026-09-06
ELEC,Sample Station 99,123 Sample Street,Directions hidden for privacy,Los Angeles,CA,00000,0000,555-0100,E,,Private,For fleet and employee use only,,,,,,379.0,15.0,,Non-Networked,,GPS,34.05940926456798,-118.24949722391835,2025-11-13,1525,2026-08-07 18:57:47 UTC,LG,999,Confidential Government Agency,1999-10-15,,,,,CHADEMO J1772 J1772COMBO,US,Directions masquees,,,Privé,,RESTRICTED,,GOV-999,UTILITY,,,,,,,REDACTED_PRICING,PRIX_REDACTE,,,,,,,,,,,,,,,,,LD,True,,1,,0,,0,,0,,0,,2026-09-06
ELEC,Sample Station 100,123 Sample Street,Directions hidden for privacy,Los Angeles,CA,00000,0000,555-0100,E,,Private,For fleet and employee use only,,,,,,379.0,15.0,,Non-Networked,,GPS,34.060105053874345,-118.24897326608934,2025-11-13,1525,2026-08-07 18:57:47 UTC,LG,999,Confidential Government Agency,1999-10-15,,,,,CHADEMO J1772 J1772COMBO,US,Directions masquees,,,Privé,,RESTRICTED,,GOV-999,UTILITY,,,,,,,REDACTED_PRICING,PRIX_REDACTE,,,,,,,,,,,,,,,,,LD,True,,1,,0,,0,,0,,0,,2026-09-06
